episode,return,ep_len,breach,contained,max_stage,time_to_breach,time_to_containment,avg_security_loss,avg_availability_loss,avg_blue_cost
0,16.273,128,0,1,2,,128.0,0.26386718750000004,0.0695078001517686,0.04289062500000001
1,15.027000000000013,129,0,1,2,,129.0,0.2430232558139535,0.06188371083013309,0.04488372093023257
